{"val_loss": [1.8686332765642228, 0.7580806934081756, 0.37090404515151865, 0.24053641972957074, 0.31916540831372187, 0.21027730738704986, 0.1696605718082136, 0.13492335081939494, 0.11121173637944298, 0.11600366120000144, 0.10953091763116576, 0.09955367391073221, 0.11111649831941536, 0.09841256385037044, 0.09507968190808531, 0.09624408005314457, 0.10231017169539813, 0.09912525350172016, 0.0959830869324841, 0.10209969244463867, 0.09846478299120323, 0.10156982370160028, 0.10110697800999048, 0.1027708341258469, 0.10920855383956442, 0.10307619496900308, 0.10380970735369284, 0.10278316599092455, 0.10321994281406081, 0.10575389195462219, 0.10736583640775153, 0.103684278935552, 0.10472941831077306, 0.10712029823485214, 0.10463499093747085, 0.10526308525743819, 0.10819041126177999, 0.10618636603355296, 0.10677910024970043, 0.10720494101233025], "acc": [0.28878878877685593, 0.763913913901981, 0.8967967967848639, 0.9418918918918919, 0.9645145145264474, 0.9741741741741742, 0.9834834834834835, 0.9875875875875876, 0.9925925925925926, 0.9954954954954955, 0.9948948948948949, 0.9968968968968969, 0.9980980980980981, 0.9968468468468469, 0.9987487487487487, 0.9989489489489489, 0.9989489489489489, 0.9993993993993994, 0.9993493493493494, 0.9994494494494495, 0.9994494494494495, 0.9995995995995997, 0.9995995995995997, 0.9996496496496496, 0.9996996996996997, 0.9994494494494495, 0.9995995995995997, 0.9996996996996997, 0.9996996996996997, 0.9997497497497497, 0.9996996996996997, 0.9997497497497497, 0.9996996996996997, 0.9996996997116325, 0.9996996996996997, 0.9997497497497497, 0.9996996996996997, 0.9997497497497497, 0.9997497497497497, 0.9997497497497497], "val_acc": [0.44894894894894893, 0.7599099099099099, 0.8858858858858859, 0.9309309309309309, 0.9058558558558558, 0.94009009009009, 0.9546546546546546, 0.9671171171171171, 0.9738738738738739, 0.9723723723723724, 0.9762762762762762, 0.9785285285285286, 0.9746246246246246, 0.9803303303303303, 0.9813813813813814, 0.9812312312312312, 0.9798798798798799, 0.9818318318318319, 0.9818318318318319, 0.9801801801801802, 0.981081081081081, 0.980930930930931, 0.9813813813813814, 0.9804804804804805, 0.9786786786786786, 0.980930930930931, 0.9807807807807808, 0.9813813813813814, 0.9807807807807808, 0.9818318318318319, 0.9807807807807808, 0.9816816816816817, 0.9816816816816817, 0.9806306306306306, 0.981081081081081, 0.9812312312312312, 0.98003003003003, 0.9815315315315315, 0.9818318318318319, 0.9815315315315315], "loss": [2.7739596974742304, 0.8423797218529908, 0.37862095629369413, 0.21183072708927475, 0.14065316202523592, 0.10651607814135852, 0.07247021446438941, 0.05847304706891497, 0.03979879594235509, 0.03000259475341557, 0.030095294239027452, 0.021907222022053537, 0.01864832517158639, 0.021438348867200516, 0.014618857459233211, 0.012967774983694976, 0.011541143465232247, 0.010766205348231054, 0.01025583579317022, 0.009546091437020019, 0.009104044834157457, 0.008639138103001289, 0.008510604229391188, 0.007997633554032064, 0.007907912954762652, 0.007933766848768469, 0.007416009807700965, 0.007252954845196681, 0.007073704927443742, 0.006926351331045723, 0.006807553143174321, 0.006717857542003526, 0.006541999837325828, 0.006471315647724333, 0.0063847685266902356, 0.006284472935286969, 0.006227523607907591, 0.0061555779382546395, 0.0060303088435653815, 0.00602848195929772]}