{"val_acc": [0.12357357357357357, 0.893993993993994, 0.981081081081081, 0.987987987987988, 0.8954954954954955, 0.9897897897897898, 0.9900900900900901, 0.992042042042042, 0.9917417417417418, 0.992042042042042, 0.9921921921921922, 0.9915915915915916, 0.9924924924924925, 0.992042042042042, 0.9921921921921922, 0.7915915915915915, 0.9899399399399399, 0.9917417417417418, 0.9927927927927928, 0.9912912912912913, 0.9927927927927928, 0.9929429429429429, 0.9933933933933934, 0.9929429429429429, 0.9929429429429429, 0.9930930930930931, 0.9935435435435436, 0.9933933933933934, 0.9936936936936936, 0.9938438438438438, 0.9938438438438438, 0.9932432432432432, 0.9929429429429429, 0.9936936936936936, 0.9936936936936936, 0.993993993993994, 0.9942942942942943, 0.9933933933933934, 0.9941441441441441, 0.9941441441441441], "acc": [0.7819319319199991, 0.981081081081081, 0.9961461461461462, 0.9992992992992993, 0.9992992993112322, 0.9978478478478479, 0.9998998998998999, 0.9999499499499499, 0.9999499499499499, 1.0, 1.0, 1.0, 0.9999499499499499, 1.0, 1.0, 0.9999499499618828, 0.9982982983102312, 0.9995495495495496, 1.0, 1.0, 0.9998498498498498, 1.0, 1.0, 1.0, 1.0, 1.0, 1.0, 1.0, 1.0, 1.0, 1.0, 1.0, 1.0, 1.0, 1.0, 1.0, 1.0, 1.0, 1.0, 1.0], "val_loss": [3.1727281308388924, 0.5758740672836075, 0.11332582454155157, 0.06217747952330399, 0.3961454710086903, 0.04700098210447901, 0.03814272920156384, 0.03717960091223856, 0.03675516173858811, 0.03341147435700392, 0.03292235157986706, 0.03279137767896101, 0.0316967265672042, 0.029784362126343153, 0.029527775387702, 0.7058160454661281, 0.04289159775787109, 0.032436912430327265, 0.03037427470043257, 0.040070544465168105, 0.02864645203623037, 0.02843069539128526, 0.027339858607761003, 0.027146704157943034, 0.02763786813546274, 0.02681037523467709, 0.026596311433520446, 0.02643173489853874, 0.02559348297670383, 0.025461283561776394, 0.025921808694441755, 0.025669336964882484, 0.026477451036563956, 0.0249695763528884, 0.024839224541621345, 0.024404217980175585, 0.025060893737154456, 0.0249460405357568, 0.02437429822584217, 0.024534572917386307], "loss": [0.8621839843056462, 0.09613859333672203, 0.03634646665882897, 0.01623765865454564, 0.012682114450542539, 0.021690924728831818, 0.0077659350075014125, 0.006167271095248792, 0.005096563835580786, 0.004083564633305919, 0.003517011560134224, 0.0032080410359738706, 0.00346818107438532, 0.002754189521242101, 0.002488256554987218, 0.0025270213034596888, 0.011195897372873935, 0.00750589918956306, 0.0029777721568076936, 0.002546463279543935, 0.004144286373453037, 0.002282204945852329, 0.0018867140231016385, 0.001795408942245387, 0.0016217961434733582, 0.0015336403405075674, 0.001538267272064934, 0.0014466616531108713, 0.0013896829988882021, 0.0013422650295319978, 0.0012640759798216153, 0.0012593036357153046, 0.0012710683480337695, 0.0013334770501405746, 0.001182508234911644, 0.0011324109939356765, 0.0011037750999341616, 0.0010821688482099707, 0.0009826209363494967, 0.0010186517221463455]}